<?xml version="1.0"?>
<doc>
    <assembly>
        <name>Interlacer</name>
    </assembly>
    <members>
        <member name="T:GfxlibWrapper.FilterType">
            <summary>
            trida reprezentujici typ filteru pouziteho pro resize
            </summary>
        </member>
        <member name="F:GfxlibWrapper.FilterType.None">
            <summary>
            zadny filter - nejblizsi soused
            </summary>
        </member>
        <member name="F:GfxlibWrapper.FilterType.Triangle">
            <summary>
            trojuhelnikovy filter
            </summary>
        </member>
        <member name="F:GfxlibWrapper.FilterType.Cubic">
            <summary>
            kubicky filter
            </summary>
        </member>
        <member name="F:GfxlibWrapper.FilterType.Lanczos">
            <summary>
            Lanczos filter
            </summary>
        </member>
        <member name="F:GfxlibWrapper.FilterType.name">
            <summary>
            nazev filteru
            </summary>
        </member>
        <member name="F:GfxlibWrapper.FilterType.filterNum">
            <summary>
            cislo filteru odpovidajici danemu filteru v knihovne Magick++
            </summary>
        </member>
        <member name="M:GfxlibWrapper.FilterType.ToString">
            <summary>
            vraci nazev filteru
            </summary>
            <returns>nazev filteru</returns>
        </member>
        <member name="T:GfxlibWrapper.GfxlibCommunicator">
            <summary>
            staticka trida obsahujici funkce pro komunikaci s grafickou knihovnou prostrednictvim DLL
            </summary>
        </member>
        <member name="T:Interlacer.MainForm">
            <summary>
            Hlavni formular programu
            </summary>
        </member>
        <member name="M:Interlacer.MainForm.#ctor">
            <summary>
            konstruktor pro inicializaci formulare
            </summary>
        </member>
        <member name="F:Interlacer.MainForm.components">
            <summary>
            Required designer variable.
            </summary>
        </member>
        <member name="M:Interlacer.MainForm.Dispose(System.Boolean)">
            <summary>
            Clean up any resources being used.
            </summary>
            <param name="disposing">true if managed resources should be disposed; otherwise, false.</param>
        </member>
        <member name="M:Interlacer.MainForm.InitializeComponent">
            <summary>
            Required method for Designer support - do not modify
            the contents of this method with the code editor.
            </summary>
        </member>
        <member name="F:GfxlibWrapper.Picture.width">
            <summary>
            sirka v pixelech
            </summary>
        </member>
        <member name="F:GfxlibWrapper.Picture.height">
            <summary>
            vyska v pixelech
            </summary>
        </member>
        <member name="F:GfxlibWrapper.Picture.xDpi">
            <summary>
            DPI na ose x
            </summary>
        </member>
        <member name="F:GfxlibWrapper.Picture.yDpi">
            <summary>
            DPI na ose y
            </summary>
        </member>
        <member name="F:GfxlibWrapper.Picture.pixelData">
            <summary>
            pole obsahujici informace o jednotlivych pixelech
            </summary>
        </member>
        <member name="F:GfxlibWrapper.Picture.filename">
            <summary>
            nazev souboru pro nacteni
            </summary>
        </member>
        <member name="F:GfxlibWrapper.Picture.imagePtr">
            <summary>
            ukazatel na objekt C++ tridy Magick::Image
            </summary>
        </member>
        <member name="M:GfxlibWrapper.Picture.stringToCharArray(System.String)">
            <summary>
            prevede objekt tridy String na pole znaku a prida terminator
            </summary>
            <param name="str">objekt tridy String k prevedeni</param>
            <returns>pole charu ukoncene terminatorem</returns>
        </member>
        <member name="M:GfxlibWrapper.Picture.setData">
            <summary>
            nastavi vsechny atribury tridy obsahujici informaci o obrazku (vyska/sirka v px, dpi...)
            </summary>
        </member>
        <member name="M:GfxlibWrapper.Picture.#cctor">
            <summary>
            nastavi pametove limity knihovny Magick++
            </summary>
        </member>
        <member name="M:GfxlibWrapper.Picture.#ctor(System.Int32,System.Int32)">
            <summary>
            vytvori bitmapu o zadane velikosti
            </summary>
            <param name="width">sirka v pixelech</param>
            <param name="height">vyska v pixelech</param>
        </member>
        <member name="M:GfxlibWrapper.Picture.#ctor(System.String)">
            <summary>
            nastavi jmeno vstupniho souboru
            </summary>
            <param name="filename">jmeno vstupniho souboru</param>
        </member>
        <member name="M:GfxlibWrapper.Picture.Ping">
            <summary>
            zjisti z obrazku dulezita data (vysku/sirku v px, dpi...) bez jeho kompletniho nacteni
            </summary>
        </member>
        <member name="M:GfxlibWrapper.Picture.Load">
            <summary>
            nacte bitmapu ze zadaneho souboru
            </summary>
        </member>
        <member name="M:GfxlibWrapper.Picture.IsCreated">
            <summary>
            vraci true, pokud je obrazek nacten nebo vytvoren, jinak false
            </summary>
            <returns>true, pokud je obrazek nacten nebo vytvoren, jinak false</returns>
        </member>
        <member name="M:GfxlibWrapper.Picture.HasFilenameSet">
            <summary>
            vraci true, pokud ma objekt nastaven cestu k nejakemu souboru, jinak false
            </summary>
            <returns>true, pokud ma objekt nastaven cestu k nejakemu souboru, jinak false</returns>
        </member>
        <member name="M:GfxlibWrapper.Picture.GetHashCode">
            <summary>
            pokud je nastavena cesta k nejakemu souboru, vraci hash teto cesty jako Stringu, jinak vraci hash kod tridy Object
            </summary>
            <returns>hash kod</returns>
        </member>
        <member name="M:GfxlibWrapper.Picture.ToString">
            <summary>
            pokud je nastavena cesta k nejakemu souboru, vraci tuto cestu, jinak vraci "..." 
            </summary>
            <returns>cesta k souboru, pokud je nastavena, jinak "..."</returns>
        </member>
        <member name="M:GfxlibWrapper.Picture.Equals(System.Object)">
            <summary>
            pokud je nastavena cesta k nejakemu souboru, porovna tuto cestu s parametrm jako String, jiank pouziva base.Equals
            </summary>
            <param name="obj">objekt k porovnani</param>
            <returns>pri shode true, jinak false</returns>
        </member>
        <member name="M:GfxlibWrapper.Picture.GetWidth">
            <summary>
            getter sirky bitmapy
            </summary>
            <returns>sirka bitmapy v pixelech</returns>
        </member>
        <member name="M:GfxlibWrapper.Picture.GetHeight">
            <summary>
            getter vysky v pixelech
            </summary>
            <returns>vyska bitmapy v pixelech</returns>
        </member>
        <member name="M:GfxlibWrapper.Picture.GetXDpi">
            <summary>
            vrati DPI na ose x
            </summary>
            <returns>dpi na ose x</returns>
        </member>
        <member name="M:GfxlibWrapper.Picture.GetYDpi">
            <summary>
            vrati DPI na ose y
            </summary>
            <returns>dpi na ose y</returns>
        </member>
        <member name="M:GfxlibWrapper.Picture.SetDpi(System.Double,System.Double)">
            <summary>
            nastavi DPI na obou osach
            </summary>
            <param name="xDpi">DPI na ose x</param>
            <param name="yDpi">DPI na ose y</param>
        </member>
        <member name="M:GfxlibWrapper.Picture.Save(System.String)">
            <summary>
            ulozi bitmapu
            </summary>
            <param name="saveFilename">nazev vystupniho souboru</param>
        </member>
        <member name="M:GfxlibWrapper.Picture.SetPixel(System.Int32,System.Int32,System.Int32)">
            <summary>
            nastavi hodnotu konkretniho pixelu
            </summary>
            <param name="x">x souradnice</param>
            <param name="y">y souradnice</param>
            <param name="pxValue">hodnota pixelu ve formatu ORGB, kde O je pruhlednost (opacity),
            cim je vetsi, tim je pixel pruhlednejsi, hodnota je 4 bytová - napr. 0x00FF0000 je cervena</param>
        </member>
        <member name="M:GfxlibWrapper.Picture.SetPixel(System.Int32,System.Int32,System.Byte,System.Byte,System.Byte)">
            <summary>
            nastavi hodnotu konkretniho pixelu
            </summary>
            <param name="x">x souradnice</param>
            <param name="y">y souradnice</param>
            <param name="red">hodnota cerveneho kanalu (0 - 255)</param>
            <param name="green">hodnota zeleneho kanalu (0 - 255)</param>
            <param name="blue">hodnota modreho kanalu (0 - 255)</param>
        </member>
        <member name="M:GfxlibWrapper.Picture.GetPixel(System.Int32,System.Int32)">
            <summary>
            vrati hodnotu konkretniho pixelu
            </summary>
            <param name="x">x souradnice</param>
            <param name="y">y souradnice</param>
            <returns>hodnota pixelu na danych souradnicich</returns>
        </member>
        <member name="M:GfxlibWrapper.Picture.Resize(System.Int32,System.Int32,GfxlibWrapper.FilterType)">
            <summary>
            zmeni velikost bitmapy
            </summary>
            <param name="newWidth">nova sirka</param>
            <param name="newHeight">nova vyska</param>
            <param name="filterType">typ filteru</param>
        </member>
        <member name="M:GfxlibWrapper.Picture.Destroy">
            <summary>
            znici obrazek a dealokuje pamet, kterou vyuziva
            </summary>
        </member>
        <member name="M:GfxlibWrapper.Picture.CopyColumn(GfxlibWrapper.Picture,System.Int32,System.Int32,System.Int32)">
            <summary>
            zkopiruje sloupec pixelu z jinoho obrazku do tohoto
            </summary>
            <param name="source">zdrojovy obrazek</param>
            <param name="sourceColumn">index zdrojoveho sloupce</param>
            <param name="destColumn">index ciloveho sloupce tohoto obrazku</param>
            <param name="destYBegin">index pocatecni y souradnice, od ktere se zacne sloupec kopirovat do tohoto obrazku</param>
        </member>
        <member name="F:Interlacer.PictureContainer.indexList">
            <summary>
            List indexu - klicem je vzdy cesta k souboru, hodnotou je seznam pozic, na kterych se obrazek ma objevit
            </summary>
        </member>
        <member name="F:Interlacer.PictureContainer.interlacingData">
            <summary>
            obsahuje informace o vystupnim obrazku
            </summary>
        </member>
        <member name="M:Interlacer.PictureContainer.#ctor(System.Collections.Generic.List{GfxlibWrapper.Picture},Interlacer.InterlacingData)">
            <summary>
            konstruktor, ktery z Listu cest k souborum vytvori List indexu
            </summary>
            <param name="pictures">seznam obrazku, bud nenactenych s nastavenou cestou k souboru nebo vytvorenych programove</param>
            <param name="interlacingData">data potrebna k prolozeni</param>
        </member>
        <member name="M:Interlacer.Program.Main">
            <summary>
            The main entry point for the application.
            </summary>
        </member>
        <member name="T:Interlacer.Properties.Resources">
            <summary>
              A strongly-typed resource class, for looking up localized strings, etc.
            </summary>
        </member>
        <member name="P:Interlacer.Properties.Resources.ResourceManager">
            <summary>
              Returns the cached ResourceManager instance used by this class.
            </summary>
        </member>
        <member name="P:Interlacer.Properties.Resources.Culture">
            <summary>
              Overrides the current thread's CurrentUICulture property for all
              resource lookups using this strongly typed resource class.
            </summary>
        </member>
    </members>
</doc>
